{
  "silero": {
    "best_threshold": 0.3,
    "sweep": {
      "0.2": 0.609381927817682,
      "0.3": 0.6228527995946288,
      "0.4": 0.5933143133982881,
      "0.5": 0.5662085149178678,
      "0.6": 0.5518105215212936,
      "0.7": 0.524772143024071,
      "0.8": 0.47758485086817104
    },
    "default_f1": 0.5662085149178678
  },
  "speechbrain": {
    "best_activation_th": 0.5,
    "best_deactivation_th": 0.25,
    "sweep": {
      "0.3,0.15": 0.2960971379011275,
      "0.3,0.25": 0.2886198275135545,
      "0.5,0.15": 0.2904639476452028,
      "0.5,0.25": 0.3006861749592295,
      "0.5,0.35": 0.28920486325767614,
      "0.7,0.15": 0.27694342117691506,
      "0.7,0.25": 0.2813987308302485,
      "0.7,0.35": 0.2723392724070185
    },
    "default_f1": 0.3006861749592295
  },
  "pyannote": {
    "best_min_duration_on": 0.0,
    "best_min_duration_off": 0.25,
    "sweep": {
      "0.0,0.0": 0.5708417096407656,
      "0.1,0.1": 0.5704416265850458,
      "0.0,0.25": 0.5713911791650308,
      "0.25,0.0": 0.5638091885231474
    },
    "default_f1": 0.5708417096407656,
    "note": "onset/offset are hardcoded to 0.5 for this powerset model and are NOT exposed as tunable pipeline parameters -- confirmed via direct experimentation (instantiate({'onset': ...}) raises ValueError). Only min_duration_on/off tuned."
  }
}