{
  "defaults": {
    "repeats_ms": [
      19.535832405090332,
      12.461090087890625,
      12.45706558227539
    ],
    "mean_ms": 14.81799602508545,
    "median_ms": 12.461090087890625
  },
  "tuned_candidate13": {
    "repeats_ms": [
      12.475571632385254,
      12.449593544006348,
      12.401580810546875
    ],
    "mean_ms": 12.442248662312826,
    "median_ms": 12.449593544006348
  }
}